K,model,subset,delta,lo,hi,b,c,p,n
1,partformer,target,0.107955,0.0625,0.153409,1,20,2.09808e-05,176
1,partformer,all,0.122832,0.0939306,0.151734,19,104,2.21987e-15,692
1,partformer_cos,target,0.0625,0.0227273,0.102273,1,12,0.00341797,176
1,partformer_cos,all,0.105491,0.0765896,0.134393,19,92,1.12361e-12,692
1,conv1d_former,target,0.0795455,0.0340909,0.125,2,16,0.00131226,176
1,conv1d_former,all,0.114162,0.0852601,0.144509,16,95,7.51963e-15,692
1,kdf_partformer,target,0.0397727,0,0.0852273,4,11,0.118469,176
1,kdf_partformer,all,0.0924855,0.0635838,0.122832,24,88,8.98832e-10,692
1,cwt_transformer,target,0.0284091,-0.0113636,0.0738636,5,10,0.301758,176
1,cwt_transformer,all,-0.00578035,-0.0346821,0.0245665,61,57,0.782556,692
1,kdf_transformer,target,0.0113636,-0.0227273,0.0454545,4,6,0.753906,176
1,kdf_transformer,all,-0.00433526,-0.0274566,0.0187861,35,32,0.807195,692
1,mp_transformer_reg,target,-0.0227273,-0.0568182,0.0113636,7,3,0.34375,176
1,mp_transformer_reg,all,-0.0101156,-0.0317919,0.0115607,33,26,0.434993,692
1,hwgat,target,-0.0511364,-0.0909091,-0.0170455,10,1,0.0117188,176
1,hwgat,all,-0.171965,-0.208092,-0.135838,150,31,6.33933e-20,692
2,partformer,target,0.130682,0.0625,0.198864,9,32,0.000430857,176
2,partformer,all,0.127168,0.0953757,0.157551,25,113,1.46419e-14,692
2,partformer_cos,target,0.153409,0.0795455,0.227273,11,38,0.000141971,176
2,partformer_cos,all,0.144509,0.111272,0.176301,25,125,3.41057e-17,692
2,conv1d_former,target,0.147727,0.0738636,0.221591,11,37,0.000222245,176
2,conv1d_former,all,0.143064,0.109827,0.176301,27,126,1.72249e-16,692
2,kdf_partformer,target,0.130682,0.0568182,0.204545,13,36,0.00140269,176
2,kdf_partformer,all,0.105491,0.0751084,0.137283,31,104,2.05574e-10,692
2,cwt_transformer,target,0.0625,-0.00568182,0.130682,13,24,0.0988717,176
2,cwt_transformer,all,0.0260116,-0.00722543,0.0592486,59,77,0.144636,692
2,kdf_transformer,target,-0.0227273,-0.0795455,0.0397727,16,12,0.571588,176
2,kdf_transformer,all,-0.0144509,-0.0404624,0.0115607,45,35,0.314307,692
2,mp_transformer_reg,target,-0.0681818,-0.125,-0.0113636,19,7,0.0289593,176
2,mp_transformer_reg,all,-0.0260116,-0.0520231,-0.00140896,47,29,0.0504524,692
2,hwgat,target,-0.107955,-0.176136,-0.0397727,29,10,0.00337785,176
2,hwgat,all,-0.163295,-0.202312,-0.122832,163,50,3.59762e-15,692
4,partformer,target,0.113636,0.0511364,0.181818,9,29,0.00165805,176
4,partformer,all,0.127168,0.0968208,0.15896,22,110,2.86074e-15,692
4,partformer_cos,target,0.147727,0.0795455,0.215909,7,33,4.2277e-05,176
4,partformer_cos,all,0.131503,0.0982298,0.16474,27,118,9.11704e-15,692
4,conv1d_former,target,0.159091,0.0852273,0.227273,9,37,4.05604e-05,176
4,conv1d_former,all,0.144509,0.112681,0.176301,21,121,2.81771e-18,692
4,kdf_partformer,target,0.119318,0.0511364,0.1875,10,31,0.00145049,176
4,kdf_partformer,all,0.112717,0.0794798,0.145954,32,110,3.23069e-11,692
4,cwt_transformer,target,0.0170455,-0.0454545,0.0795455,16,19,0.735879,176
4,cwt_transformer,all,-0.00289017,-0.0375723,0.0317919,76,74,0.934961,692
4,kdf_transformer,target,-0.0738636,-0.130682,-0.0170455,20,7,0.0191573,176
4,kdf_transformer,all,-0.0260116,-0.0549133,0.00144509,58,40,0.0854106,692
4,mp_transformer_reg,target,-0.0795455,-0.136364,-0.0227273,21,7,0.012541,176
4,mp_transformer_reg,all,-0.0317919,-0.0578035,-0.00578035,52,30,0.0198269,692
4,hwgat,target,-0.25,-0.335227,-0.164773,55,11,3.60145e-08,176
4,hwgat,all,-0.200867,-0.241329,-0.160405,187,48,1.4515e-20,692
8,partformer,target,0.164773,0.102273,0.227273,3,32,4.17698e-07,176
8,partformer,all,0.144509,0.112717,0.176301,23,123,1.02739e-17,692
8,partformer_cos,target,0.159091,0.102273,0.221591,3,31,7.66013e-07,176
8,partformer_cos,all,0.140173,0.108382,0.171965,25,122,1.58185e-16,692
8,conv1d_former,target,0.170455,0.107955,0.232955,4,34,6.03854e-07,176
8,conv1d_former,all,0.153179,0.119942,0.186416,22,128,2.22209e-19,692
8,kdf_partformer,target,0.102273,0.0397727,0.164773,7,25,0.0021024,176
8,kdf_partformer,all,0.108382,0.0765896,0.140173,28,103,2.80458e-11,692
8,cwt_transformer,target,0.0909091,0.0340909,0.153409,7,23,0.00522288,176
8,cwt_transformer,all,0.0260116,-0.00722543,0.0578035,61,79,0.150528,692
8,kdf_transformer,target,0,-0.0511364,0.0511364,10,10,1,176
8,kdf_transformer,all,-0.0231214,-0.050578,0.00289017,53,37,0.113344,692
8,mp_transformer_reg,target,-0.0625,-0.107955,-0.0227273,13,2,0.00738525,176
8,mp_transformer_reg,all,-0.0216763,-0.0476879,0.00433526,48,33,0.119274,692
8,hwgat,target,-0.198864,-0.278409,-0.119318,46,11,3.31188e-06,176
8,hwgat,all,-0.166185,-0.205238,-0.125723,169,54,5.48536e-15,692
